ORF Amp#	Pair	5'-3' forward Wild Type	5'-3' reverse Wild Type	5'-3' forward Synthetic	5'-3' reverse Synthetic	Size	%Diff	WT Tm	Syn Tm	megachunk	Ordered
YIL002C	1	GGGAGACTTTGTCAGAACGCTTGAGCTG	TTCGACTGAGAGCAAGCAGGATACGCTA	TGGGCTTTTGGTCAAGACAGAGCTAGAA	CAGCACCGAATCTAAACAAGACACCTTG	406	41				
YIL002C	3	AATGGTTATAGAGGCTGTATTTGGGCCG	TCATCAAGTTAGGCCTTCGGAGAGCATT	GATAGTGATGCTAGCGGTGTTAGGACCA	CCACCAAGTCCGACCAAGCGAATCTATC	436	53.5				
YIL002C	2	GGGGCCGCAAGGATGCTCATGAATCAAT	GTCCTACCCTGACACAGATCTTTCAAGT	TGGACCACATGGGTGTTCGTGGATTAGC	AAGCTATCCAGATACCGACTTGAGCTCT	307	53.5				
YIL001W	1	CAATTCGCCACTTTTTCTGGCTAGCCTT	CGATGAGATATGAGTAGCAAAGGGTTGC	TAACAGCCCTTTGTTCTTGGCCTCTTTG	GCTGCTAATGTGGGTGGCGAATGGTTGT	211	48.5				
YIL001W	2	ACTTCTTCTACAGAGAGGAGCCGTCTGT	AGGATCGGCGGTATGCCTTGCTTTG	GTTGTTGTTGCAACGAGGTGCTGTTTGC	TGGGTCAGCAGTGTGTCGAGCCTTA	484	57				
YIR001C	1	ATTTGGAGACTGATTTGGAGGGTACGGT	TGACTCGCGTTCTATCTTTGTCGGTAAC	GTTAGGGCTTTGGTTAGGTGGATATGGA	CGATAGCCGAAGCATTTTCGTTGGCAAT	382	53.5				
YIR002C	1	TCCGCTAATCTGAGCCTCTTCAGAGCTC	CTTTTTTCAGAAAAGGGGTTCCGACTCG	ACCAGAGATTTGGGCTTCTTCGCTAGAA	TTTCTTCCAAAAGCGAGGCAGCGATAGC	331	48				
YIR002C	2	GTCAGAGGCTGGTGTAGCGGTCAAT	GGGTATGGGTAAAACGTTCATTGCCAGT	ATCGCTAGCAGGGGTGGCAGTTAGA	CGGCATGGGCAAGACCTTTATCGCTTCT	412	58				
YIR002C	3	TACCACATTTGTATACGCAGAGGAGCCA	CAGTTTTGGACCCACTCATCATGAGCTT	AACAACGTTGGTGTAAGCGCTGCTACCG	TTCTTTCGGTCCAACCCACCACGAATTG	487	55.5				
YIR003W	2	AGGACCCCAGGACCAATCACAGGCAAAA	CGATGGGGACAGAGATTCCTCACTTATG	GGGTCCACAAGATCAAAGCCAAGCTAAG	GCTAGGGCTCAAGCTTTCTTCAGAGATA	430	53.5				
YIR004W	1	TTTAGGTGACGATGATCTTCGCGCAAAG	CAATGCTGCATCAACAGCGTTAGTGGTG	CTTGGGCGATGACGACTTGCGAGCTAAA	TAGAGCAGCGTCGACGGCATTGGTAGTA	286	61				
YIR006C	3	TGGGGTGGAAGAACCCGATTTTTGCACG	CTTCAAGGATGCATCAGCTAGCTCTACA	AGGAGTGCTGCTGCCGCTCTTTTGAACA	TTTTAAAGACGCTAGCGCCTCTAGCACC	442	46.5				
YIR006C	4	AGCAATCTGTTGTGGCTGTTCTCGAGAG	ATCAGTGACTGAGTCATCTCCCTTTGTG	GGCGATTTGTTGAGGTTGTTCTCTGCTA	GAGCGTTACCGAAAGCAGCCCATTCGTT	244	53.5				
YIR006C	1	GAACTGAGAATAAGAAGGCGACGAGGAA	TAAGAGTAGGGCTTTGTTGAGAGCAAGG	AAATTGGCTGTAGCTTGGGCTGCTGCTT	CAAATCTCGAGCCCTACTACGAGCTCGA	400	39				
YIR006C	2	GGCATCAAAGCGGCTTGTCAAATCTGAT	CCTACCTTCAAGTTTAATTCCCTCCAGC	AGCGTCGAATCGAGAGGTTAGGTCGCTA	TTTGCCAAGCTCTTTGATCCCAAGCTCT	442	42.5				
YIR007W	1	TGACTATTCTTCACAGACCGCTGCATTG	AAGAGCTCTGAACCCTGACAAGTCGCTC	CGATTACAGCAGCCAAACTGCCGCTCTA	CAAGGCTCGAAAACCGCTTAGATCAGAT	355	44.5				
YIR007W	2	TGAGCCATCTCCAGCCTCTACTGTG	TGACAACCGGCTTGGTGTAAAATGGTGC	AGAACCTAGCCCTGCTAGCACCGTT	GCTTAGTCGAGAAGGGGTGAAGTGATGT	334	47				
YIR008C	1	GCTTGACCTCCTTGGATTGTCCAGCCAA	ATTGGCTTTGAAGAGGCCTTATCACCCT	AGAGCTTCGTCGAGGGTTATCCAACCAG	ACTAGCCCTAAAACGACCATACCATCCA	205	51.5				
YIR010W	1	TAAACAATCCGTGTCGAATTTGAGCCCC	GGGCATAATCGAATGCATTGGTGATCCA	CAAGCAAAGCGTTAGCAACCTATCTCCA	TGGCATGATGCTGTGCATAGGGCTACCT	349	51.5				
YIR010W	2	CTCATCACAACCACTGGAACCGTTGTCG	TGAGTGGTCATCGTCCGTTTCGCTTGAG	TAGCAGCCAACCTTTGGAACCACTAAGC	GCTATGATCGTCATCGGTTTCAGAGCTA	223	46				
YIR011C	1	GAGTGGGCGTTCCAATAACCCATTTGAA	ATCAGAAGCCGTTTACCAGAGCATACCT	CAAAGGTCGTTCTAGCAAACCGTTGCTG	GAGCGAAGCTGTCTATCAATCTATCCCA	412	54				
YIR012W	1	TTCTTTCACTTCTGAAGGGGGCTTCTTG	CACGACACCCGAGTTACCCTTGGTCAAA	CAGCTTTACCAGCGAAGGTGGTTTTCTA	AACAACGCCGCTATTGCCTTTAGTTAGG	478	52				
YIR014W	1	CCTCCTGGGGTGGATAATTTCATCGCTC	GGAACATATGTCTCTCGATACGTCTAGC	TTTGTTGGGTTGGATCATCAGCAGCTTG	GCTGCAGATATCTCGGCTAACATCCAAT	262	48				
YIR016W	1	ACCGTGTTCGCGAGGAAGTTCTATAGAT	AACGCGCGGGCTGGACGATGAT	TCCATGCAGCAGAGGTTCTAGCATCGAC	GACTCGTGGAGAGCTGCTGCTG	268	39				
YIR018W	1	TCAGCGGAGGAAAAGAGTTCATCGACTT	TTTGACAGAGCTAGGCAGTTCTGTCGAG	CCAACGACGAAAGCGAGTCCACAGATTG	CTTAACGCTAGATGGCAATTCGGTGCTA	415	51.5				
YIR019C	4	CGAGATAGAAGGAACAGAGTATGTAGCG	GACTATCGTAAGTTCTGCAAGCGCAGGC	GCTAATGCTTGGGACGCTATAGGTGGCA	AACCATTGTTTCTAGCGCTTCTGCTGGT	382	44.5				
YIR019C	1	TGTAACGGTCTTTGGAGAGCATCCAGAG	CAGCTCTAGCACTGAAAGCTCTTCTGTT	GGTGACAGTTTTAGGGCTACAACCGCTA	TTCTAGCTCTACCGAATCTAGCAGCGTC	409	37.5				
YIR021W	1	CATACTATCCTCGACAACGGGCCTAAAC	GAGAAACTTTGAGGAACCGGCCTGAAAA	AATCTTGAGCAGCACCACCGGTTTGAAT	CAAGAATTTGCTGCTGCCAGCTTGGAAG	265	48				
YIR022W	1	GCTTTCAGGCTCCATGGAACCAGCTTTC	AGCATATAGTGAGATATCATTGCCGGCG	TTTGAGCGGTAGCATGGAACCTGCCTTT	GGCGTACAAGCTAATGTCGTTACCAGCA	223	55.5				
YIR023W	1	CAGCGCAGATCATAATGGCAGTAATAGC	GAGCATGCTACTGGGTAAGCGATTCGAA	TTCTGCTGACCACAACGGTTCTAACTCT	CAACATAGAAGATGGCAATCGGTTGCTG	304	46				
YIR023W	3	TTTGAAAAGAACGTCCTCTGGGGCAAAC	CAAGTTCAAATCGAAAACTGAGGCCGGA	CCTAAAGCGAACCAGCAGCGGTGCTAAT	TAGATTTAGGTCAAAGACGCTAGCTGGG	214	50				
YIR023W	2	TGCGCCTTTACTGGCATCCATTTACTCA	AGACCCCGACTGGTCATTTTGCAAGGAA	CGCTCCATTGTTGGCTAGCATCTATAGC	GCTACCGCTTTGATCGTTTTGTAGGCTG	481	50				
YIR025W	1	AGAAATGCTAAGGTCTCGAGCACGAGCT	TAGGGAGCGTGACAGTGAAGTGGGT	GGAAATGTTGCGAAGCAGAGCTAGAGCC	CAAGCTTCGGCTCAAGCTGGTTGGT	430	50.5				
YIR026C	1	AGAATTGGAGACCAATTCGCTGCCCGAT	CTCGAGATCTGTAACCTTCATAGTAGCC	GCTGTTGCTAACTAGTTCAGAACCGCTA	GAGCCGAAGCGTTACTTTTATCGTTGCT	250	44.5				
YIR027C	1	CGAATGGTCGCTCACTACTGAGCCTATA	GTTTTTGTCCTCGAGGCCGGATTCTTTC	GCTGTGATCAGAAACAACGCTACCGATG	CTTCCTAAGCAGCCGACCAGACAGCTTT	331	41				
YIR028W	1	GAAATCGCACGGTAAAATTGAGTTGGGG	ACCACATGCCAGAGAGTTGGCAGAAATG	AAAGAGCCATGGCAAGATCGAACTAGGT	GCCGCAAGCCAAGCTATTAGCGCTGATA	412	52				
YIR028W	2	GTCTTTGTGGCCACAATTGGTTGCCATC	AGCACCCAAAGCGCTGGTGAACTTACTT	TAGCCTATGGCCTCAACTAGTCGCTATT	GGCGCCTAGGGCAGAAGTAAATTTAGAG	382	53.5				
YIR029W	1	TGCACCATTTGTATCAATAGAGGCGCTC	AGAAGACTCCCTGCCCAGTTGAATTACC	CGCTCCTTTCGTTAGCATCGAAGCTTTG	GCTGCTTTCTCGACCCAATTGGATAACA	445	52				
YIR030C	1	GTCGAGGACCTGTAAATCAGTAGATACC	TCCCCTCTTAATTGATGACCAGGAGTCG	ATCCAAAACTTGCAAGTCGGTGCTAACG	GCCATTGTTGATCGACGATCAAGAAAGC	325	54				
YIR031C	2	GTGTGCTACCCATGACCCATCATGC	CTTGCCTGAACACGTTTTGCCAAATAGG	ATGAGCAACCCAGCTACCGTCGTGA	TCTACCAGAACATGTCCTACCTAACCGA	241	58.5				
YIR031C	1	AGTGGGCAGTCTTGAAATGTCATCCTTC	AGCCCCTGGTTTGATCAACAGATCCAGC	GGTTGGCAATCGGCTGATATCGTCTTTT	TGCTCCAGGCCTAATTAATCGAAGCTCT	244	53.5				
YIR032C	1	AAAAGCCCTCAACGTAGACAAGTCTGGC	AGGTGCAAACCAGGGAACAGCGATCAAA	GAAGGCTCGTAGGGTGCTTAGATCAGGT	GGGCGCTAATCAAGGTACCGCTATTAAG	298	55				
YIR033W	3	TGAGGGTGATTCGCCCAACCTGTTGTCT	CAAACCTGAGACCTCTACATCCAAAGGT	CGAAGGCGACAGCCCAAATTTGCTAAGC	TAGGCCGCTAACTTCAACGTCTAGTGGC	295	48				
YIR033W	1	GTTCGGCTCTAATCTTGCCCTTTCTACG	TGAACAGCTGTTGCCATTTGTACCGCTA	ATTTGGTAGCAACTTGGCTTTGAGCACC	GCTGCAAGAATTACCGTTGGTGCCAGAG	337	43				
YIR034C	1	TCTTGGCAGCAAAGAAGGCAAGTGATCA	TTCCGGTGCCATCGATCTGTTGCACAAA	TCGAGGCAATAGGCTTGGTAGATGGTCG	CAGCGGCGCTATTGACTTGCTACATAAG	364	53.5				
YIR035C	1	TGTAGCTGGCACAGAGCTATCCAGC	CAGCAGTTGGGGAGCTTACGGTTCT	GGTGGCAGGAACGCTAGAGTCCAAT	TTCTTCTTGGGGTGCCTATGGCAGC	238	48				
YIR036C	1	GAGATATTGACCGTTCAAAGAGTCGGGA	CAGCTCTGGAGCCAGTGTGAAACCATAT	CAAGTATTGGCCATTTAGGCTATCTGGG	TTCTAGCGGTGCTTCTGTTAAGCCTTAC	328	50				
YIR038C	1	CTTAGAAGCAGCATACGACTCCTCTGAG	CAGTCAGGCATACTCTAGTGGTGAAGTT	TTTGCTGGCGGCGTAGCTTTCTTCGCTA	TTCTCAAGCTTATAGCTCTGGCGAAGTC	232	48.5				
YIR039C	1	GCTAGAGCCGCCACTACTTGAGAAAGAA	CGTAACATCAGCTAAGGATCGTTGCGTT	AGAGCTACCACCAGAAGAGCTAAAGCTA	TGTTACCAGCGCCAAAGACCGATGTGTC	373	44.5				
YIR039C	2	GGGAAGCGATATGCCTAAAATGCCACTT	TGGGCTTCCTTCGACTACCATCTCATCA	TGGCAAGCTGATACCCAAGATACCAGAA	CGGTTTGCCAAGCACCACTATTAGCAGC	262	44.5				
YIR042C	1	TCCAACTTCTAGTGAACCGTTGGCTTCA	TAGTGCCTATAGTGAGGCAGGCCAAAAA	ACCGACTTCCAAGCTGCCATTAGCTTCG	CTCTGCTTACTCTGAAGCTGGTCAAAAG	211	61				